{"polyfill":["/polyfill-ff404e2a1b2a9f806988.js"],"app":["/app-1a5d4f94298690287535.js"],"component---src-pages-404-js":["/component---src-pages-404-js-ba30f8f1e26dbf85bfbe.js"],"component---src-pages-auditions-js":["/component---src-pages-auditions-js-8cbf716494dfe00cd957.js"],"component---src-pages-contact-js":["/component---src-pages-contact-js-b64954434a320d0d84d9.js"],"component---src-pages-events-js":["/component---src-pages-events-js-fb8ed49cc6618f86c250.js"],"component---src-pages-gallery-js":["/component---src-pages-gallery-js-f794b7051e28b025d8a8.js"],"component---src-pages-index-js":["/component---src-pages-index-js-933d945c4eabd16c8054.js"],"component---src-pages-people-js":["/component---src-pages-people-js-b82691fb11691ce5554e.js"],"component---src-pages-performances-js":["/component---src-pages-performances-js-ae4caec778132792c08c.js"],"component---src-pages-philanthropy-js":["/component---src-pages-philanthropy-js-5ac398b3a05d6db9943d.js"],"component---src-pages-store-js":["/component---src-pages-store-js-f5552b427fe62e693693.js"]}