{"namedChunkGroups":{"polyfill":{"name":"polyfill","assets":[{"name":"webpack-runtime-db2ed9eeaf5812dd28bb.js","size":4398},{"name":"polyfill-ff404e2a1b2a9f806988.js","size":82466}],"filteredAssets":0,"assetsSize":86864,"filteredAuxiliaryAssets":2,"auxiliaryAssetsSize":221888},"app":{"name":"app","assets":[{"name":"webpack-runtime-db2ed9eeaf5812dd28bb.js","size":4398},{"name":"framework-4740e285dd03b4732b7e.js","size":129846},{"name":"app-1a5d4f94298690287535.js","size":126396}],"filteredAssets":0,"assetsSize":260640,"filteredAuxiliaryAssets":3,"auxiliaryAssetsSize":859102},"component---src-pages-404-js":{"name":"component---src-pages-404-js","assets":[{"name":"component---src-pages-404-js-ba30f8f1e26dbf85bfbe.js","size":6093}],"filteredAssets":0,"assetsSize":6093,"filteredAuxiliaryAssets":1,"auxiliaryAssetsSize":14420},"component---src-pages-auditions-js":{"name":"component---src-pages-auditions-js","assets":[{"name":"f707f3aefd594d5bfe825212069163832875902c-53dc6919fc7712fff333.js","size":37500},{"name":"component---src-pages-auditions-js-8cbf716494dfe00cd957.js","size":624}],"filteredAssets":0,"assetsSize":38124,"filteredAuxiliaryAssets":2,"auxiliaryAssetsSize":89125},"component---src-pages-contact-js":{"name":"component---src-pages-contact-js","assets":[{"name":"f707f3aefd594d5bfe825212069163832875902c-53dc6919fc7712fff333.js","size":37500},{"name":"component---src-pages-contact-js-b64954434a320d0d84d9.js","size":3407}],"filteredAssets":0,"assetsSize":40907,"filteredAuxiliaryAssets":2,"auxiliaryAssetsSize":95594},"component---src-pages-events-js":{"name":"component---src-pages-events-js","assets":[{"name":"f707f3aefd594d5bfe825212069163832875902c-53dc6919fc7712fff333.js","size":37500},{"name":"component---src-pages-events-js-fb8ed49cc6618f86c250.js","size":3008}],"filteredAssets":0,"assetsSize":40508,"filteredAuxiliaryAssets":2,"auxiliaryAssetsSize":94581},"component---src-pages-gallery-js":{"name":"component---src-pages-gallery-js","assets":[{"name":"f707f3aefd594d5bfe825212069163832875902c-53dc6919fc7712fff333.js","size":37500},{"name":"component---src-pages-gallery-js-f794b7051e28b025d8a8.js","size":7793}],"filteredAssets":0,"assetsSize":45293,"filteredAuxiliaryAssets":2,"auxiliaryAssetsSize":107286},"component---src-pages-index-js":{"name":"component---src-pages-index-js","assets":[{"name":"f707f3aefd594d5bfe825212069163832875902c-53dc6919fc7712fff333.js","size":37500},{"name":"component---src-pages-index-js-933d945c4eabd16c8054.js","size":66909}],"filteredAssets":0,"assetsSize":104409,"filteredAuxiliaryAssets":2,"auxiliaryAssetsSize":366292},"component---src-pages-people-js":{"name":"component---src-pages-people-js","assets":[{"name":"f707f3aefd594d5bfe825212069163832875902c-53dc6919fc7712fff333.js","size":37500},{"name":"component---src-pages-people-js-b82691fb11691ce5554e.js","size":7217}],"filteredAssets":0,"assetsSize":44717,"filteredAuxiliaryAssets":2,"auxiliaryAssetsSize":105372},"component---src-pages-performances-js":{"name":"component---src-pages-performances-js","assets":[{"name":"f707f3aefd594d5bfe825212069163832875902c-53dc6919fc7712fff333.js","size":37500},{"name":"component---src-pages-performances-js-ae4caec778132792c08c.js","size":3700}],"filteredAssets":0,"assetsSize":41200,"filteredAuxiliaryAssets":2,"auxiliaryAssetsSize":96727},"component---src-pages-philanthropy-js":{"name":"component---src-pages-philanthropy-js","assets":[{"name":"f707f3aefd594d5bfe825212069163832875902c-53dc6919fc7712fff333.js","size":37500},{"name":"component---src-pages-philanthropy-js-5ac398b3a05d6db9943d.js","size":6407}],"filteredAssets":0,"assetsSize":43907,"filteredAuxiliaryAssets":2,"auxiliaryAssetsSize":103662},"component---src-pages-store-js":{"name":"component---src-pages-store-js","assets":[{"name":"f707f3aefd594d5bfe825212069163832875902c-53dc6919fc7712fff333.js","size":37500},{"name":"component---src-pages-store-js-f5552b427fe62e693693.js","size":7100}],"filteredAssets":0,"assetsSize":44600,"filteredAuxiliaryAssets":2,"auxiliaryAssetsSize":105264}},"assetsByChunkName":{"polyfill":["webpack-runtime-db2ed9eeaf5812dd28bb.js","polyfill-ff404e2a1b2a9f806988.js"],"app":["webpack-runtime-db2ed9eeaf5812dd28bb.js","framework-4740e285dd03b4732b7e.js","app-1a5d4f94298690287535.js"],"component---src-pages-404-js":["component---src-pages-404-js-ba30f8f1e26dbf85bfbe.js"],"component---src-pages-auditions-js":["f707f3aefd594d5bfe825212069163832875902c-53dc6919fc7712fff333.js","component---src-pages-auditions-js-8cbf716494dfe00cd957.js"],"component---src-pages-contact-js":["f707f3aefd594d5bfe825212069163832875902c-53dc6919fc7712fff333.js","component---src-pages-contact-js-b64954434a320d0d84d9.js"],"component---src-pages-events-js":["f707f3aefd594d5bfe825212069163832875902c-53dc6919fc7712fff333.js","component---src-pages-events-js-fb8ed49cc6618f86c250.js"],"component---src-pages-gallery-js":["f707f3aefd594d5bfe825212069163832875902c-53dc6919fc7712fff333.js","component---src-pages-gallery-js-f794b7051e28b025d8a8.js"],"component---src-pages-index-js":["f707f3aefd594d5bfe825212069163832875902c-53dc6919fc7712fff333.js","component---src-pages-index-js-933d945c4eabd16c8054.js"],"component---src-pages-people-js":["f707f3aefd594d5bfe825212069163832875902c-53dc6919fc7712fff333.js","component---src-pages-people-js-b82691fb11691ce5554e.js"],"component---src-pages-performances-js":["f707f3aefd594d5bfe825212069163832875902c-53dc6919fc7712fff333.js","component---src-pages-performances-js-ae4caec778132792c08c.js"],"component---src-pages-philanthropy-js":["f707f3aefd594d5bfe825212069163832875902c-53dc6919fc7712fff333.js","component---src-pages-philanthropy-js-5ac398b3a05d6db9943d.js"],"component---src-pages-store-js":["f707f3aefd594d5bfe825212069163832875902c-53dc6919fc7712fff333.js","component---src-pages-store-js-f5552b427fe62e693693.js"]},"childAssetsByChunkName":{}}